<?xml version="1.0" encoding="UTF-8"?>
<project xmlns="http://maven.apache.org/POM/4.0.0"
         xmlns:xsi="http://www.w3.org/2001/XMLSchema-instance"
         xsi:schemaLocation="http://maven.apache.org/POM/4.0.0 http://maven.apache.org/xsd/maven-4.0.0.xsd">
    <modelVersion>4.0.0</modelVersion>

    <groupId>com.alibaba.race</groupId>
    <artifactId>preliminary.demo</artifactId>
    <version>1.0-SNAPSHOT</version>
    <build>
        <plugins>
            <plugin>
                <groupId>org.apache.maven.plugins</groupId>
                <artifactId>maven-compiler-plugin</artifactId>
                <configuration>
                    <source>1.6</source>
                    <target>1.6</target>
                </configuration>
            </plugin>
            <plugin>
                <groupId>org.apache.maven.plugins</groupId>
                <artifactId>maven-assembly-plugin</artifactId>
                <version>2.5.3</version>
                <configuration>
                    <appendAssemblyId>false</appendAssemblyId>
                    <descriptors>
                        <descriptor>src/main/resources/assembly.xml</descriptor>
                    </descriptors>
                    <descriptorRefs>
                        <descriptorRef>jar-with-dependencies</descriptorRef>
                    </descriptorRefs>
                </configuration>
                <executions>
                    <execution>
                        <id>make-assembly</id>
                        <phase>install</phase>
                        <goals>
                            <goal>single</goal>
                        </goals>
                    </execution>
                </executions>
            </plugin>
        </plugins>
    </build>

<!--    com.alibaba.middleware.race.jstorm-2.1.1版本默认的日志框架是logback，为了避免日志冲突，排除掉log4j-->
    <dependencies>
        <dependency>
            <groupId>com.alibaba.rocketmq</groupId>
            <artifactId>rocketmq-client</artifactId>
            <version>3.2.6</version>
            <exclusions>
                <exclusion>
                    <groupId>org.slf4j</groupId>
                    <artifactId>slf4j-api</artifactId>
                </exclusion>
                <exclusion>
                    <groupId>org.slf4j</groupId>
                    <artifactId>slf4j-log4j12</artifactId>
                </exclusion>
                <exclusion>
                    <groupId>org.slf4j</groupId>
                    <artifactId>slf4j-jdk14</artifactId>
                </exclusion>
            </exclusions>
        </dependency>

        <dependency>
            <groupId>com.alibaba.jstorm</groupId>
            <artifactId>jstorm-core</artifactId>
            <version>2.1.1</version>
            <!--            跑jstorm本地测试或者本地需要kryo相关操作时，请将provided屏蔽，
                        提交到jstorm集群的时候，记得加上provided的-->
            <!--<scope>provided</scope>-->
            <!--<exclusions>-->
                <!--<exclusion>-->
                    <!--<groupId>org.slf4j</groupId>-->
                    <!--<artifactId>slf4j-nop</artifactId>-->
                <!--</exclusion>-->
                <!--<exclusion>-->
                    <!--<groupId>org.slf4j</groupId>-->
                    <!--<artifactId>slf4j-jdk14</artifactId>-->
                <!--</exclusion>-->
            <!--</exclusions>-->
        </dependency>

        <dependency>
            <groupId>com.taobao.tair</groupId>
            <artifactId>tair-client</artifactId>
            <version>2.3.4</version>
            <exclusions>
                <exclusion>
                    <groupId>org.slf4j</groupId>
                    <artifactId>slf4j-api</artifactId>
                </exclusion>
                <exclusion>
                    <groupId>org.slf4j</groupId>
                    <artifactId>slf4j-log4j12</artifactId>
                </exclusion>
            </exclusions>
        </dependency>

    </dependencies>
</project>